datetime	web1 dynamic requests duration average	web1 dynamic requests duration min	web1 dynamic requests duration max
2011/01/24 17:26:00	1523.043	1025	12069
2011/01/24 17:26:20	4090.75	1023	23635
2011/01/24 17:26:40	4347.319	1001	21859
2011/01/24 17:27:00	4158.602	1009	21758
2011/01/24 17:27:20	4102.248	1019	21811
2011/01/24 17:27:40	4141.15	1007	21927
2011/01/24 17:28:00	4744.507	990	22496
2011/01/24 17:28:20	5484.151	991	23868
2011/01/24 17:28:40	4907.459	1017	23115
2011/01/24 17:29:00	5789.701	1012	22506
2011/01/24 17:29:20	6054.581	1015	22652
2011/01/24 17:29:40	5154.216	1000	23717
2011/01/24 17:30:00	5322.696	999	22630
2011/01/24 17:30:20	5571.036	1013	23294
2011/01/24 17:30:40	5188.299	1020	22490
2011/01/24 17:31:00	5255.928	1014	22361
2011/01/24 17:31:20	5806.875	1004	24520
2011/01/24 17:31:40	5855.969	983	23086
2011/01/24 17:32:00	5244.91	1012	23483
2011/01/24 17:32:20	5673.536	1007	23617
2011/01/24 17:32:40	5432.104	1013	21981
2011/01/24 17:33:00	5157.987	1013	21701
2011/01/24 17:33:20	5911.626	1016	22668
2011/01/24 17:33:40	4773.893	1011	22406
2011/01/24 17:34:00	5648.475	972	22371
2011/01/24 17:34:20	5376.287	1002	22027
2011/01/24 17:34:40	5284.81	1016	21940
2011/01/24 17:35:00	5456.117	991	23376
2011/01/24 17:35:20	5164.154	1004	21916
2011/01/24 17:35:40	5174.571	1012	21958
2011/01/24 17:36:00	5818.841	998	22842
2011/01/24 17:36:20	5119.709	1014	22346
2011/01/24 17:36:40	5747.899	1017	23774
2011/01/24 17:37:00	5225.922	1004	22133
2011/01/24 17:37:20	5223.291	987	24914
2011/01/24 17:37:40	5431.089	1000	22178
2011/01/24 17:38:00	5324.445	1005	22069
2011/01/24 17:38:20	5137.044	1007	22760
2011/01/24 17:38:40	5678.665	988	22138
2011/01/24 17:39:00	4793.931	995	21686
2011/01/24 17:39:20	5732.872	1013	22305
2011/01/24 17:39:40	5439.283	994	21933
2011/01/24 17:40:00	5129.895	1007	22448
2011/01/24 17:40:20	5551.429	1010	23420
2011/01/24 17:40:40	5457.337	1005	25984
2011/01/24 17:41:00	5210.993	1012	22770
2011/01/24 17:41:20	5260.976	871	22948
2011/01/24 17:41:40	5689.43	1016	22123
2011/01/24 17:42:00	5169.741	1018	22820
2011/01/24 17:42:20	5536.173	1014	22470
2011/01/24 17:42:40	5412.192	991	22312
2011/01/24 17:43:00	5352.95	989	22845
2011/01/24 17:43:20	5253	997	22633
2011/01/24 17:43:40	5344.535	997	23392
2011/01/24 17:44:00	6233.85	992	23356
2011/01/24 17:44:20	5195.094	997	24402
2011/01/24 17:44:40	5652.758	1018	26494
2011/01/24 17:45:00	6033.325	1019	27546
2011/01/24 17:45:20	5750.58	1019	22930
2011/01/24 17:45:40	5094.357	1020	23081
2011/01/24 17:46:00	5544.064	1017	24391
2011/01/24 17:46:20	5931.222	1019	22839
2011/01/24 17:46:40	5012.27	1018	22061
2011/01/24 17:47:00	5820.176	1019	24716
2011/01/24 17:47:20	5119.957	1018	22574
2011/01/24 17:47:40	5613.551	1019	25223
2011/01/24 17:48:00	5755.845	1019	27162
2011/01/24 17:48:20	5601.35	989	22720
2011/01/24 17:48:40	5156.545	1019	22469
2011/01/24 17:49:00	5878.74	1019	22634
2011/01/24 17:49:20	5461.923	1018	22423
2011/01/24 17:49:40	4938.132	1019	22461
2011/01/24 17:50:00	5801.727	1020	22935
2011/01/24 17:50:20	5625.636	1019	23812
2011/01/24 17:50:40	5387.677	1019	24430
2011/01/24 17:51:00	4850.147	1019	22017
2011/01/24 17:51:20	5729.923	1019	23802
2011/01/24 17:51:40	5471.261	1012	22050
2011/01/24 17:52:00	5471.806	1018	22849
2011/01/24 17:52:20	4787.179	1018	23053
2011/01/24 17:52:40	5588.94	1019	22304
2011/01/24 17:53:00	5534.922	1019	22182
2011/01/24 17:53:20	5421.031	1019	22627
2011/01/24 17:53:40	5381.409	1019	23187
2011/01/24 17:54:00	5633.703	1019	23567
2011/01/24 17:54:20	5316.796	1019	22276
2011/01/24 17:54:40	5400.064	1018	23576
2011/01/24 17:55:00	5802.405	1019	22206
2011/01/24 17:55:20	5251.974	1019	22066
2011/01/24 17:55:40	5169.225	1018	22375
2011/01/24 17:56:00	5921.976	1018	22257
2011/01/24 17:56:20	4965.113	1018	22495
2011/01/24 17:56:40	5797.09	1002	22857
2011/01/24 17:57:00	5788.662	1019	25301
2011/01/24 17:57:20	5035.846	1017	23152
2011/01/24 17:57:40	5776.976	1018	22620
2011/01/24 17:58:00	4735.529	1019	22939
2011/01/24 17:58:20	5530.315	1019	22664
2011/01/24 17:58:40	5741.204	1018	22240
2011/01/24 17:59:00	5100.359	1007	22857
2011/01/24 17:59:20	5691.786	1019	21929
2011/01/24 17:59:40	5270.97	1019	21820
2011/01/24 18:00:00	5449.099	1019	22903
2011/01/24 18:00:20	5691.062	1018	23157
2011/01/24 18:00:40	5771.204	1016	22106
2011/01/24 18:01:00	4928.545	1016	22269
2011/01/24 18:01:20	5320.649	1014	21758
2011/01/24 18:01:40	5100.262	1019	22699
2011/01/24 18:02:00	5523.745	1019	22738
2011/01/24 18:02:20	5153.051	1018	22541
2011/01/24 18:02:40	5192.444	1019	21702
2011/01/24 18:03:00	5740.471	1019	22629
2011/01/24 18:03:20	6346.513	1018	22690
2011/01/24 18:03:40	4329.701	1001	24481
2011/01/24 18:04:00	5956.044	1020	22971
2011/01/24 18:04:20	5407.761	1018	21656
2011/01/24 18:04:40	5447.914	1017	22097
2011/01/24 18:05:00	4956.851	1017	22494
2011/01/24 18:05:20	5707.994	1010	22326
2011/01/24 18:05:40	5801.611	1019	21898
2011/01/24 18:06:00	4511.239	1018	22030
2011/01/24 18:06:20	5719.231	1018	22438
2011/01/24 18:06:40	5711.066	1018	22986
2011/01/24 18:07:00	4741.43	1018	23623
2011/01/24 18:07:20	5367.694	1018	22358
2011/01/24 18:07:40	5444.561	1021	22715
2011/01/24 18:08:00	5570.66	1017	22344
2011/01/24 18:08:20	5441.23	1018	21915
2011/01/24 18:08:40	5152.245	989	21990
2011/01/24 18:09:00	5438.222	1019	22882
2011/01/24 18:09:20	5350.25	1018	22269
2011/01/24 18:09:40	5069.348	1008	21956
2011/01/24 18:10:00	5224.625	1019	22273
2011/01/24 18:10:20	5827.698	1005	23038
2011/01/24 18:10:40	5303.868	1019	23443
2011/01/24 18:11:00	5840.141	1018	22120
2011/01/24 18:11:20	5023.369	1019	22005
2011/01/24 18:11:40	5188.519	1019	21981
2011/01/24 18:12:00	5423.981	1019	21889
2011/01/24 18:12:20	5228.868	1005	22027
2011/01/24 18:12:40	5436.353	1017	21845
2011/01/24 18:13:00	5259.289	1016	23241
2011/01/24 18:13:20	5061.167	1019	22607
2011/01/24 18:13:40	5750.89	1019	23200
2011/01/24 18:14:00	5512.007	1018	22393
2011/01/24 18:14:20	5505.357	1013	22893
2011/01/24 18:14:40	5169.033	1019	22150
2011/01/24 18:15:00	5400.521	1019	21852
2011/01/24 18:15:20	5323.045	1019	21880
2011/01/24 18:15:40	5386.155	1018	23068
2011/01/24 18:16:00	5382.581	1019	22038
2011/01/24 18:16:20	5507.026	1019	22493
2011/01/24 18:16:40	5419.577	1019	22124
2011/01/24 18:17:00	5096.368	1018	22404
2011/01/24 18:17:20	5671.738	1013	23387
2011/01/24 18:17:40	5456.699	1014	22022
2011/01/24 18:18:00	5342.994	1018	21741
2011/01/24 18:18:20	5479.662	1018	23080
2011/01/24 18:18:40	5207.319	1004	22005
2011/01/24 18:19:00	4943.908	1015	21917
2011/01/24 18:19:20	5774.051	1019	21648
2011/01/24 18:19:40	5189.893	1018	22207
2011/01/24 18:20:00	4828.325	1018	21789
2011/01/24 18:20:20	5720.277	1019	22482
2011/01/24 18:20:40	5448.526	1019	22408
2011/01/24 18:21:00	5156.507	1019	21755
2011/01/24 18:21:20	5345.14	1002	21842
2011/01/24 18:21:40	5088.058	1019	22547
2011/01/24 18:22:00	5263.627	1019	22081
2011/01/24 18:22:20	5566.475	1019	22120
2011/01/24 18:22:40	5631.524	1018	22119
2011/01/24 18:23:00	5105.695	1019	22317
2011/01/24 18:23:20	4957.69	1019	22750
2011/01/24 18:23:40	5958.462	1018	22046
2011/01/24 18:24:00	5570.767	1019	23823
2011/01/24 18:24:20	5409.293	1019	22280
2011/01/24 18:24:40	4952.304	1014	22497
2011/01/24 18:25:00	5295.693	1019	22137
2011/01/24 18:25:20	5073.859	1019	21735
2011/01/24 18:25:40	6079.476	1018	22360
2011/01/24 18:26:00	4930.057	1018	22213
2011/01/24 18:26:20	5784.093	1019	21927
2011/01/24 18:26:40	4752.327	1018	22470
2011/01/24 18:27:00	5480.795	1018	23468
2011/01/24 18:27:20	5590.945	1019	22666
2011/01/24 18:27:40	5447.379	1017	21874
2011/01/24 18:28:00	5036	1012	22205
2011/01/24 18:28:20	5375.191	1019	22412
2011/01/24 18:28:40	5539.273	1019	22629
2011/01/24 18:29:00	5211.781	1018	21919
2011/01/24 18:29:20	5388.19	1018	21891
2011/01/24 18:29:40	5318.352	1019	21761
2011/01/24 18:30:00	5287.32	1018	22761
2011/01/24 18:30:20	5807.131	1019	22275
2011/01/24 18:30:40	5731.16	1019	24428
2011/01/24 18:31:00	4657.057	1018	22705
2011/01/24 18:31:20	5523.76	1019	21920
2011/01/24 18:31:40	5493.22	1019	22598
2011/01/24 18:32:00	5273.994	1018	21915
2011/01/24 18:32:20	5561.702	1018	22452
2011/01/24 18:32:40	5514.057	1019	21705
2011/01/24 18:33:00	5491.743	1019	21808
2011/01/24 18:33:20	5318.192	1018	21904
2011/01/24 18:33:40	4903.719	1019	23025
2011/01/24 18:34:00	5444.258	1019	23007
2011/01/24 18:34:20	5287.798	1019	21759
2011/01/24 18:34:40	5488.753	1018	22164
2011/01/24 18:35:00	5083.528	1018	22851
2011/01/24 18:35:20	5327.825	983	22301
2011/01/24 18:35:40	6086.264	1019	22344
2011/01/24 18:36:00	4897.23	1005	22066
2011/01/24 18:36:20	5158.981	1013	22519
2011/01/24 18:36:40	5439.884	1019	21998
2011/01/24 18:37:00	5619.987	1019	22175
2011/01/24 18:37:20	5201.459	1019	23660
2011/01/24 18:37:40	5692.805	1019	22092
2011/01/24 18:38:00	5110.728	1019	23462
2011/01/24 18:38:20	5716.222	1019	21819
2011/01/24 18:38:40	4605.787	1018	22729
2011/01/24 18:39:00	6084.582	1019	22775
2011/01/24 18:39:20	5031.888	1018	21651
2011/01/24 18:39:40	5046.909	1019	22114
2011/01/24 18:40:00	5849.564	1019	21994
2011/01/24 18:40:20	5829.928	1019	23129
2011/01/24 18:40:40	5191.293	1016	25496
2011/01/24 18:41:00	5013.683	1017	22189
2011/01/24 18:41:20	5637.135	1016	21754
2011/01/24 18:41:40	5546.21	1016	22533
2011/01/24 18:42:00	5101.348	1018	22469
2011/01/24 18:42:20	5822.024	1019	21884
2011/01/24 18:42:40	4707.128	1018	21795
2011/01/24 18:43:00	5561.677	1017	22441
2011/01/24 18:43:20	5076.36	1019	22286
2011/01/24 18:43:40	5254.481	1011	22888
2011/01/24 18:44:00	5376.844	1017	22602
2011/01/24 18:44:20	5590.155	1019	23198
2011/01/24 18:44:40	5691.062	1019	22376
2011/01/24 18:45:00	5220.806	1019	22376
2011/01/24 18:45:20	4996.058	1001	21578
2011/01/24 18:45:40	5827.877	1018	21735
2011/01/24 18:46:00	5117.638	1018	22410
2011/01/24 18:46:20	5339.055	1018	21864
2011/01/24 18:46:40	5133.519	1018	22532
2011/01/24 18:47:00	5513.92	1009	22585
2011/01/24 18:47:20	5770.323	1006	23659
2011/01/24 18:47:40	5160.779	1018	23126
2011/01/24 18:48:00	5026.227	1018	21772
2011/01/24 18:48:20	5274.136	995	22222
2011/01/24 18:48:40	5497.026	1019	22076
2011/01/24 18:49:00	5467.685	1016	21729
2011/01/24 18:49:20	4837.409	1019	21865
2011/01/24 18:49:40	5858.897	1011	21756
2011/01/24 18:50:00	5182.314	1017	22178
2011/01/24 18:50:20	5546.013	1019	22123
2011/01/24 18:50:40	5078.654	1010	23087
2011/01/24 18:51:00	5897.482	1019	23229
2011/01/24 18:51:20	4714.856	1018	22220
2011/01/24 18:51:40	5794.547	1003	25259
2011/01/24 18:52:00	5408.603	1013	21915
2011/01/24 18:52:20	5314.136	1019	22407
2011/01/24 18:52:40	5318.532	1018	22139
2011/01/24 18:53:00	5391.217	1010	22750
2011/01/24 18:53:20	5235.435	1001	21822
2011/01/24 18:53:40	5565.781	1017	21875
2011/01/24 18:54:00	5641.779	1018	22572
2011/01/24 18:54:20	5148.137	1018	22583
2011/01/24 18:54:40	5407.622	1019	22575
2011/01/24 18:55:00	5241.033	1019	22907
2011/01/24 18:55:20	5291.804	1019	22237
2011/01/24 18:55:40	5436.882	1010	22828
2011/01/24 18:56:00	4901.758	1018	21822
2011/01/24 18:56:20	5284.316	1018	22352
2011/01/24 18:56:40	5217.2	1019	22090
2011/01/24 18:57:00	5370.472	1020	22304
2011/01/24 18:57:20	5176.168	1019	22669
2011/01/24 18:57:40	5233.994	1018	24075
2011/01/24 18:58:00	5609.699	1019	21784
2011/01/24 18:58:20	5634.563	1020	21924
2011/01/24 18:58:40	5174.784	1019	22616
2011/01/24 18:59:00	5021.912	1018	22883
2011/01/24 18:59:20	5535.868	1019	22153
2011/01/24 18:59:40	5379.918	1018	21835
2011/01/24 19:00:00	5698.686	1018	22352
2011/01/24 19:00:20	5032.943	1018	21713
2011/01/24 19:00:40	5800.459	1018	23024
2011/01/24 19:01:00	5273.147	1005	23659
2011/01/24 19:01:20	5304.013	1018	22037
2011/01/24 19:01:40	5499.987	1018	21988
2011/01/24 19:02:00	5405.026	1019	22148
2011/01/24 19:02:20	5274.387	1020	22078
2011/01/24 19:02:40	5601.476	1019	22369
2011/01/24 19:03:00	5064.538	1018	21771
2011/01/24 19:03:20	4766.387	1018	21693
2011/01/24 19:03:40	5808.205	1014	21741
2011/01/24 19:04:00	5072.701	1017	21981
2011/01/24 19:04:20	5592.153	1020	22410
2011/01/24 19:04:40	5744.253	1018	22427
2011/01/24 19:05:00	4940.418	1009	21763
2011/01/24 19:05:20	5827.595	1018	22721
2011/01/24 19:05:40	4523.524	1016	22974
2011/01/24 19:06:00	5673.964	1011	21702
2011/01/24 19:06:20	5146	1019	21640
2011/01/24 19:06:40	5056.513	1004	22215
2011/01/24 19:07:00	5272.48	1018	23377
2011/01/24 19:07:20	5882.611	1020	23054
2011/01/24 19:07:40	5435.262	1019	22307
2011/01/24 19:08:00	5338.203	1019	22743
2011/01/24 19:08:20	5466.988	1018	22637
2011/01/24 19:08:40	5588.39	1019	22380
2011/01/24 19:09:00	4773.706	1017	22037
2011/01/24 19:09:20	5836.602	1019	21922
2011/01/24 19:09:40	5948.954	1018	23406
2011/01/24 19:10:00	5582.222	1019	23441
2011/01/24 19:10:20	3940.325	547	22672
2011/01/24 19:10:40	3066.662	604	23974
2011/01/24 19:11:00	3777.211	417	20505
2011/01/24 19:11:20	3073.297	602	15817
2011/01/24 19:11:40	2732.197	476	11739
2011/01/24 19:12:00	2883.609	471	12034
2011/01/24 19:12:20	2776.445	515	11845
2011/01/24 19:12:40	2995.29	469	12053
2011/01/24 19:13:00	3239.488	518	13731
2011/01/24 19:13:20	2894.25	479	13005
2011/01/24 19:13:40	2922.035	586	13709
2011/01/24 19:14:00	3003.956	536	15989
2011/01/24 19:14:20	3012.944	650	13137
2011/01/24 19:14:40	2702.053	529	11808
2011/01/24 19:15:00	3035.764	506	11777
2011/01/24 19:15:20	2558.875	787	12017
2011/01/24 19:15:40	3217.494	702	12679
2011/01/24 19:16:00	2595.039	640	12540
2011/01/24 19:16:20	2960.133	1020	11971
2011/01/24 19:16:40	2516.638	523	12667
2011/01/24 19:17:00	3269.3	619	14448
2011/01/24 19:17:20	2853.261	587	11962
2011/01/24 19:17:40	2928.416	485	13153
2011/01/24 19:18:00	2827.676	587	13895
2011/01/24 19:18:20	2866.053	546	13502
2011/01/24 19:18:40	2939.46	582	17203
2011/01/24 19:19:00	3180.815	581	14153
2011/01/24 19:19:20	2721.062	476	12908
2011/01/24 19:19:40	2715.806	493	11998
2011/01/24 19:20:00	2925.117	490	12184
2011/01/24 19:20:20	2641.507	504	11440
2011/01/24 19:20:40	2722.713	520	11401
2011/01/24 19:21:00	2893.908	505	13002
2011/01/24 19:21:20	2620.131	530	11557
2011/01/24 19:21:40	3036.475	951	11785
2011/01/24 19:22:00	2779.924	529	12624
2011/01/24 19:22:20	2540.703	546	11601
2011/01/24 19:22:40	4037.913	636	24846
2011/01/24 19:23:00	3457.621	559	20337
2011/01/24 19:23:20	2794.012	669	11714
2011/01/24 19:23:40	2635.196	542	11310
2011/01/24 19:24:00	2986.363	554	12356
2011/01/24 19:24:20	2928.908	553	12072
2011/01/24 19:24:40	2923.364	589	12385
2011/01/24 19:25:00	2776.052	706	12720
2011/01/24 19:25:20	2929.749	490	11679
2011/01/24 19:25:40	2509.384	463	11769
2011/01/24 19:26:00	3696.871	563	21906
2011/01/24 19:26:20	2904.71	511	11885
2011/01/24 19:26:40	2592.168	767	12748
2011/01/24 19:27:00	3051.475	571	11468
2011/01/24 19:27:20	2495	649	10927
2011/01/24 19:27:40	3276.667	773	12641
2011/01/24 19:28:00	2496.49	481	11751
2011/01/24 19:28:20	3006.333	501	12723
2011/01/24 19:28:40	2511.684	584	11068
2011/01/24 19:29:00	2768.742	513	12101
2011/01/24 19:29:20	2826.673	509	12508
2011/01/24 19:29:40	3127.448	501	14491
2011/01/24 19:30:00	2493.242	500	12539
2011/01/24 19:30:20	2926.038	571	12933
2011/01/24 19:30:40	3042.671	719	12042
2011/01/24 19:31:00	2606.758	591	12684
2011/01/24 19:31:20	2986.663	517	13286
2011/01/24 19:31:40	2595.229	498	11144
2011/01/24 19:32:00	2854.025	483	12529
2011/01/24 19:32:20	2727.494	517	12571
2011/01/24 19:32:40	3017.412	606	12366
2011/01/24 19:33:00	2883.384	510	12458
2011/01/24 19:33:20	2977.345	515	17238
2011/01/24 19:33:40	2996.348	515	15113
2011/01/24 19:34:00	2769.146	532	11153
2011/01/24 19:34:20	2710.947	510	12881
2011/01/24 19:34:40	3063.09	627	12098
2011/01/24 19:35:00	2653.331	600	11778
2011/01/24 19:35:20	2819.356	583	11905
2011/01/24 19:35:40	2855.949	502	11572
2011/01/24 19:36:00	2640.634	526	12523
2011/01/24 19:36:20	2861.139	535	11762
2011/01/24 19:36:40	2752.652	510	12144
2011/01/24 19:37:00	2788.823	490	14105
2011/01/24 19:37:20	3579.883	537	16826
2011/01/24 19:37:40	2752.049	491	13230
2011/01/24 19:38:00	2895.869	479	13515
2011/01/24 19:38:20	2959.735	456	12201
2011/01/24 19:38:40	2903.768	557	12273
2011/01/24 19:39:00	2648.168	533	12976
2011/01/24 19:39:20	3072.196	570	11435
2011/01/24 19:39:40	2931.439	522	12104
2011/01/24 19:40:00	2800.544	494	11590
2011/01/24 19:40:20	3050.903	710	12693
2011/01/24 19:40:40	2768.344	570	11783
2011/01/24 19:41:00	2941.671	577	15684
2011/01/24 19:41:20	3260.683	548	17365
2011/01/24 19:41:40	2747.481	628	12721
2011/01/24 19:42:00	2789.824	596	14672
2011/01/24 19:42:20	2930.693	617	12766
2011/01/24 19:42:40	2793.962	560	11281
2011/01/24 19:43:00	2484.877	514	11356
2011/01/24 19:43:20	3121.55	546	11963
2011/01/24 19:43:40	2599.062	543	12678
2011/01/24 19:44:00	3191.497	524	12802
2011/01/24 19:44:20	2694.537	496	11683
2011/01/24 19:44:40	2825.667	476	13074
2011/01/24 19:45:00	2885.006	510	14309
2011/01/24 19:45:20	3227.032	517	14666
2011/01/24 19:45:40	2865.549	561	16346
2011/01/24 19:46:00	2981.63	478	14577
2011/01/24 19:46:20	3079.651	1020	14809
2011/01/24 19:46:40	3337.378	469	17118
2011/01/24 19:47:00	2621.406	701	12736
2011/01/24 19:47:20	3088.278	536	13096
2011/01/24 19:47:40	2654.128	536	11597
2011/01/24 19:48:00	2766.81	498	11806
2011/01/24 19:48:20	2741.595	509	11562
2011/01/24 19:48:40	2911.106	531	12735
2011/01/24 19:49:00	2741.253	709	11093
2011/01/24 19:49:20	2941.796	541	12274
2011/01/24 19:49:40	2799.967	518	12010
2011/01/24 19:50:00	3348.719	648	15896
2011/01/24 19:50:20	2836.795	495	17473
2011/01/24 19:50:40	3005.539	510	13007
2011/01/24 19:51:00	2814.104	693	11829
2011/01/24 19:51:20	2396.232	539	11343
2011/01/24 19:51:40	3030.358	601	12221
2011/01/24 19:52:00	2872.927	535	11705
2011/01/24 19:52:20	2789.318	533	12220
2011/01/24 19:52:40	2765.135	490	11497
2011/01/24 19:53:00	2685.63	524	11893
2011/01/24 19:53:20	2749.86	570	12738
2011/01/24 19:53:40	3030.565	499	15260
2011/01/24 19:54:00	2669.313	483	11402
2011/01/24 19:54:20	2794.719	462	12324
2011/01/24 19:54:40	2875.683	540	11375
2011/01/24 19:55:00	2677.245	562	11839
2011/01/24 19:55:20	2863.213	544	11557
2011/01/24 19:55:40	2777	553	11738
2011/01/24 19:56:00	2860.019	512	11375
2011/01/24 19:56:20	2918.951	737	12071
2011/01/24 19:56:40	2832.833	532	12057
2011/01/24 19:57:00	2825.067	598	11987
2011/01/24 19:57:20	3025.084	488	18970
2011/01/24 19:57:40	3239.957	567	13417
2011/01/24 19:58:00	2411.319	572	12361
2011/01/24 19:58:20	2918.64	484	12359
2011/01/24 19:58:40	2534.845	496	11326
2011/01/24 19:59:00	2905.717	573	11718
2011/01/24 19:59:20	2732.866	581	13322
2011/01/24 19:59:40	2975.479	560	12536
2011/01/24 20:00:00	2517.552	512	11862
2011/01/24 20:00:20	2987.111	862	11845
2011/01/24 20:00:40	3108.347	632	12151
2011/01/24 20:01:00	3040.812	998	16195
2011/01/24 20:01:20	2834.615	1019	14664
2011/01/24 20:01:40	3345.97	1019	13667
2011/01/24 20:02:00	2894.974	1015	12457
2011/01/24 20:02:20	2995.174	794	12508
2011/01/24 20:02:40	2903.384	872	12649
2011/01/24 20:03:00	2894.377	752	12526
2011/01/24 20:03:20	3148.64	1019	12421
2011/01/24 20:03:40	2528.689	827	13163
2011/01/24 20:04:00	3193.599	895	13586
2011/01/24 20:04:20	2772.105	1018	17517
2011/01/24 20:04:40	3624.158	544	21019
2011/01/24 20:05:00	2805.639	724	12101
2011/01/24 20:05:20	3066.516	622	12250
2011/01/24 20:05:40	2849.289	525	11815
2011/01/24 20:06:00	2464.544	883	11491
2011/01/24 20:06:20	3165.294	619	13348
2011/01/24 20:06:40	2721.107	967	12339
2011/01/24 20:07:00	2869.892	788	12038
2011/01/24 20:07:20	2780.509	586	12757
2011/01/24 20:07:40	2675.13	667	11843
2011/01/24 20:08:00	2957.45	1020	15707
2011/01/24 20:08:20	2825.748	520	14054
2011/01/24 20:08:40	3217.604	787	13931
2011/01/24 20:09:00	2755.284	667	12451
2011/01/24 20:09:20	2701.587	695	11775
2011/01/24 20:09:40	2904.922	1018	11844
2011/01/24 20:10:00	2995.988	544	12179
2011/01/24 20:10:20	2753.213	610	11589
2011/01/24 20:10:40	2753.955	780	12075
2011/01/24 20:11:00	3180.906	785	14607
2011/01/24 20:11:20	2805.748	519	14477
2011/01/24 20:11:40	3841.176	609	19265
2011/01/24 20:12:00	3635.922	511	19984
2011/01/24 20:12:20	3741.764	671	22258
2011/01/24 20:12:40	4179.842	827	20848
2011/01/24 20:13:00	3097.553	809	13331
2011/01/24 20:13:20	2769.704	747	11419
2011/01/24 20:13:40	2855.454	1019	12085
2011/01/24 20:14:00	3293.687	1023	14154
2011/01/24 20:14:20	3090.381	1020	13756
2011/01/24 20:14:40	3580.506	888	21354
2011/01/24 20:15:00	3993.268	813	22188
2011/01/24 20:15:20	4046.128	1018	22733
2011/01/24 20:15:40	4284.524	792	21749
2011/01/24 20:16:00	4330.878	693	22361
2011/01/24 20:16:20	4153.279	526	25184
2011/01/24 20:16:40	3034.949	498	19562
2011/01/24 20:17:00	3149.429	902	13767
2011/01/24 20:17:20	3173.086	941	14718
2011/01/24 20:17:40	3287.5	611	18644
2011/01/24 20:18:00	3607.13	493	21019
2011/01/24 20:18:20	4195.845	479	19375
2011/01/24 20:18:40	3566.419	596	18877
2011/01/24 20:19:00	3623.921	641	20154
2011/01/24 20:19:20	3139.702	1015	15340
2011/01/24 20:19:40	3113.619	1018	12979
2011/01/24 20:20:00	2816.567	995	14442
2011/01/24 20:20:20	3306.622	737	14697
2011/01/24 20:20:40	3753.581	694	18012
2011/01/24 20:21:00	5380.824	911	37853
2011/01/24 20:21:20	4245.032	756	28588
2011/01/24 20:21:40	4089.05	779	25155
2011/01/24 20:22:00	4072.937	603	19885
2011/01/24 20:22:20	4010.741	680	22953
2011/01/24 20:22:40	4039.186	914	19817
2011/01/24 20:23:00	2825.709	953	14408
2011/01/24 20:23:20	3354.853	556	13538
2011/01/24 20:23:40	3803.503	609	18238
2011/01/24 20:24:00	3956.302	472	20251
2011/01/24 20:24:20	3166.381	485	19686
2011/01/24 20:24:40	5006.58	598	31068
2011/01/24 20:25:00	4771.783	484	28274
2011/01/24 20:25:20	3816.104	463	23336
2011/01/24 20:25:40	3058.51	458	16619
2011/01/24 20:26:00	3263.714	1002	19418
2011/01/24 20:26:20	3516.429	1022	15384
2011/01/24 20:26:40	3484.697	631	18231
2011/01/24 20:27:00	5033.406	481	32999
2011/01/24 20:27:20	4197.969	481	23245
2011/01/24 20:27:40	4057.28	798	19833
2011/01/24 20:28:00	3721.11	463	19550
2011/01/24 20:28:20	4155.72	477	19167
2011/01/24 20:28:40	3233.185	506	17496
2011/01/24 20:29:00	3267.523	1022	14512
2011/01/24 20:29:20	3355.862	1022	15260
2011/01/24 20:29:40	3598.7	524	17332
2011/01/24 20:30:00	4046	545	23534
2011/01/24 20:30:20	3782.528	543	18711
2011/01/24 20:30:40	3623.166	496	18216
2011/01/24 20:31:00	4055.885	821	18839
2011/01/24 20:31:20	3116.456	491	16454
2011/01/24 20:31:40	2717.253	852	12681
2011/01/24 20:32:00	3441.683	828	18386
2011/01/24 20:32:20	3620.758	693	15330
2011/01/24 20:32:40	3288.189	894	17144
2011/01/24 20:33:00	4130.519	540	20394
2011/01/24 20:33:20	3957.142	541	22182
2011/01/24 20:33:40	3367.209	504	18295
2011/01/24 20:34:00	4379.186	625	21346
2011/01/24 20:34:20	3746.222	519	19896
2011/01/24 20:34:40	2740.951	873	15296
2011/01/24 20:35:00	3827.382	770	20112
2011/01/24 20:35:20	3333.954	1023	13714
2011/01/24 20:35:40	3802.346	698	17766
2011/01/24 20:36:00	3339.885	485	17901
2011/01/24 20:36:20	4050.152	686	20523
2011/01/24 20:36:40	4105.012	483	19531
2011/01/24 20:37:00	3706.562	493	20481
2011/01/24 20:37:20	3307.86	853	17485
2011/01/24 20:37:40	3114.566	869	14958
2011/01/24 20:38:00	3048.122	1022	14075
2011/01/24 20:38:20	3085.61	1019	14516
2011/01/24 20:38:40	3422.893	494	21050
2011/01/24 20:39:00	4116.21	577	21456
2011/01/24 20:39:20	4023.245	1019	20064
2011/01/24 20:39:40	3848.503	480	21600
2011/01/24 20:40:00	3755.282	492	23852
2011/01/24 20:40:20	3005.211	881	14786
2011/01/24 20:40:40	2539.507	520	12025
2011/01/24 20:41:00	4406.083	1022	22912
2011/01/24 20:41:20	3435.301	752	14122
2011/01/24 20:41:40	3435.848	699	18230
2011/01/24 20:42:00	3961.231	483	22140
2011/01/24 20:42:20	3667.628	644	20947
2011/01/24 20:42:40	3859.583	610	20116
2011/01/24 20:43:00	3745.106	446	19173
2011/01/24 20:43:20	2951.649	477	14671
2011/01/24 20:43:40	3092.066	692	12350
2011/01/24 20:44:00	2886.588	1023	14147
2011/01/24 20:44:20	3014.639	795	14828
2011/01/24 20:44:40	3482.116	522	17633
2011/01/24 20:45:00	4016.468	611	21040
2011/01/24 20:45:20	4109.019	553	21474
2011/01/24 20:45:40	3735.42	501	18216
2011/01/24 20:46:00	3165.743	510	18798
2011/01/24 20:46:20	3439.772	493	16639
2011/01/24 20:46:40	2622.691	558	11936
2011/01/24 20:47:00	2948.426	795	14015
2011/01/24 20:47:20	2969.45	476	14113
2011/01/24 20:47:40	4306.037	459	22416
2011/01/24 20:48:00	3840.69	528	21915
2011/01/24 20:48:20	3884.641	548	19588
2011/01/24 20:48:40	3954.545	514	18553
2011/01/24 20:49:00	4153.5	520	21808
2011/01/24 20:49:20	3365.078	510	20842
2011/01/24 20:49:40	3022.551	697	11967
2011/01/24 20:50:00	3136.204	909	13284
2011/01/24 20:50:20	3281.87	610	14121
2011/01/24 20:50:40	3402.948	531	18032
2011/01/24 20:51:00	3576.872	696	19392
2011/01/24 20:51:20	3768.766	514	22239
2011/01/24 20:51:40	4287.518	506	25104
2011/01/24 20:52:00	3785.714	483	19770
2011/01/24 20:52:20	3164.487	485	18132
2011/01/24 20:52:40	3007.952	472	12543
2011/01/24 20:53:00	3025.484	1015	13200
2011/01/24 20:53:20	3174.538	1018	13301
2011/01/24 20:53:40	3222.638	524	18907
2011/01/24 20:54:00	4209.382	530	20413
2011/01/24 20:54:20	3898.032	523	21268
2011/01/24 20:54:40	4179.796	498	21221
2011/01/24 20:55:00	3622.401	690	19689
2011/01/24 20:55:20	4007.314	468	20810
2011/01/24 20:55:40	2747.448	561	16427
2011/01/24 20:56:00	3269.609	1023	13245
2011/01/24 20:56:20	3469.571	686	14676
2011/01/24 20:56:40	3739.769	470	18799
2011/01/24 20:57:00	3172.535	510	18746
2011/01/24 20:57:20	4342.863	766	20004
2011/01/24 20:57:40	3729.451	517	19645
2011/01/24 20:58:00	3639.787	465	19965
2011/01/24 20:58:20	3794.762	486	18289
2011/01/24 20:58:40	2603.149	565	11861
2011/01/24 20:59:00	2852.818	848	13738
2011/01/24 20:59:20	3340.031	846	14747
2011/01/24 20:59:40	3299.359	478	16563
2011/01/24 21:00:00	3835.638	484	18753
2011/01/24 21:00:20	3660.637	486	18524
2011/01/24 21:00:40	3888.902	706	18030
2011/01/24 21:01:00	4136.714	546	19841
2011/01/24 21:01:20	3161.278	609	17360
2011/01/24 21:01:40	3040.85	551	12539
2011/01/24 21:02:00	2861.313	739	13965
2011/01/24 21:02:20	3710.217	1021	21026
2011/01/24 21:02:40	3992.937	893	19311
2011/01/24 21:03:00	3347.358	732	18151
2011/01/24 21:03:20	4074.516	598	21675
2011/01/24 21:03:40	3951.614	536	20347
2011/01/24 21:04:00	4299.115	546	21815
2011/01/24 21:04:20	3370.729	753	21976
2011/01/24 21:04:40	2767.27	487	12769
2011/01/24 21:05:00	3226.926	1022	13960
2011/01/24 21:05:20	3271.828	1020	13953
2011/01/24 21:05:40	3600.228	675	18153
2011/01/24 21:06:00	3824	623	19621
2011/01/24 21:06:20	3582.888	709	21256
2011/01/24 21:06:40	4376.928	562	21940
2011/01/24 21:07:00	3865.906	604	19494
2011/01/24 21:07:20	2745.571	552	16758
2011/01/24 21:07:40	2977.731	715	12831
2011/01/24 21:08:00	3383.19	1023	15353
2011/01/24 21:08:20	3186.91	1015	14215
2011/01/24 21:08:40	3221.282	900	17298
2011/01/24 21:09:00	3997.587	514	29254
2011/01/24 21:09:20	4249.166	602	20167
2011/01/24 21:09:40	3700.72	538	20385
2011/01/24 21:10:00	3874.019	734	22546
2011/01/24 21:10:20	4234.818	955	18888
2011/01/24 21:10:40	3506.018	580	19316
2011/01/24 21:11:00	2637.196	827	13808
2011/01/24 21:11:20	3367.725	793	13845
2011/01/24 21:11:40	3175.946	614	18158
2011/01/24 21:12:00	3478.217	486	19117
2011/01/24 21:12:20	3921.303	660	17869
2011/01/24 21:12:40	3215.435	637	18880
2011/01/24 21:13:00	4579.074	490	27285
2011/01/24 21:13:20	3746.773	518	17807
2011/01/24 21:13:40	2497.596	491	11867
2011/01/24 21:14:00	3384.772	1024	13701
2011/01/24 21:14:20	3507.43	1022	15079
2011/01/24 21:14:40	3048.102	591	18997
2011/01/24 21:15:00	4318.541	620	23418
2011/01/24 21:15:20	4071.64	487	23084
2011/01/24 21:15:40	3897.02	486	19367
2011/01/24 21:16:00	3743.843	551	23476
2011/01/24 21:16:20	3999.238	567	19722
2011/01/24 21:16:40	3151.243	1018	13097
2011/01/24 21:17:00	3000.981	1023	14236
2011/01/24 21:17:20	3103.681	797	14629
2011/01/24 21:17:40	4334.756	811	21071
2011/01/24 21:18:00	4244.261	504	26349
2011/01/24 21:18:20	3823.564	497	20876
2011/01/24 21:18:40	3872.643	540	21368
2011/01/24 21:19:00	3737.581	509	22023
2011/01/24 21:19:20	3741.183	943	17905
2011/01/24 21:19:40	2959.967	617	12127
2011/01/24 21:20:00	3086.956	1023	13925
2011/01/24 21:20:20	3336.018	1008	13674
2011/01/24 21:20:40	3523.056	473	18657
2011/01/24 21:21:00	3552.803	522	19835
2011/01/24 21:21:20	3714.46	495	19109
2011/01/24 21:21:40	3833.894	521	20395
2011/01/24 21:22:00	3741.667	513	21539
2011/01/24 21:22:20	3030.052	503	16470
2011/01/24 21:22:40	2605.592	581	12611
2011/01/24 21:23:00	3336.111	1022	13132
2011/01/24 21:23:20	3747.955	922	22844
2011/01/24 21:23:40	3767.109	666	18970
2011/01/24 21:24:00	4145.572	478	28883
2011/01/24 21:24:20	4368.106	512	22493
2011/01/24 21:24:40	3602.919	491	17905
2011/01/24 21:25:00	3980.417	487	21102
2011/01/24 21:25:20	3715.167	558	22228
2011/01/24 21:25:40	3773.134	492	22323
2011/01/24 21:26:00	3168.317	821	15180
2011/01/24 21:26:20	3248.734	818	14166
2011/01/24 21:26:40	2939.345	738	14998
2011/01/24 21:27:00	3943.974	513	19508
2011/01/24 21:27:20	4005.559	461	21924
2011/01/24 21:27:40	3737.827	462	21087
2011/01/24 21:28:00	3913.92	638	17629
2011/01/24 21:28:20	3083.195	492	17012
2011/01/24 21:28:40	2884.272	604	12833
2011/01/24 21:29:00	3139.589	826	14075
2011/01/24 21:29:20	3192.302	547	14158
2011/01/24 21:29:40	3215.264	509	18495
2011/01/24 21:30:00	4580.963	576	21499
2011/01/24 21:30:20	4131.596	487	25746
2011/01/24 21:30:40	3829.39	509	21758
2011/01/24 21:31:00	3805.976	524	22496
2011/01/24 21:31:20	3868.259	483	19287
2011/01/24 21:31:40	3316.802	504	16411
2011/01/24 21:32:00	3029.179	1022	14116
2011/01/24 21:32:20	4241.918	647	18877
2011/01/24 21:32:40	3552.607	509	19034
2011/01/24 21:33:00	3574.937	591	21804
2011/01/24 21:33:20	3603.46	504	18808
2011/01/24 21:33:40	3433.947	461	18588
2011/01/24 21:34:00	3942.581	533	18861
2011/01/24 21:34:20	2764.484	502	13175
2011/01/24 21:34:40	2877.258	514	12177
2011/01/24 21:35:00	2681.845	835	13615
2011/01/24 21:35:20	3685.041	787	15830
2011/01/24 21:35:40	2642.577	464	15938
2011/01/24 21:36:00	3979.174	507	18347
2011/01/24 21:36:20	3901.646	614	23149
2011/01/24 21:36:40	3436.245	486	19044
2011/01/24 21:37:00	4364.69	553	22613
2011/01/24 21:37:20	3367.352	863	17291
2011/01/24 21:37:40	2691.075	537	11779
2011/01/24 21:38:00	2919.711	920	13771
2011/01/24 21:38:20	3166.35	488	14025
2011/01/24 21:38:40	3695.542	546	19576
2011/01/24 21:39:00	3563.609	488	20957
2011/01/24 21:39:20	3743.503	549	18822
2011/01/24 21:39:40	3270.994	466	17860
2011/01/24 21:40:00	3986.694	505	17639
2011/01/24 21:40:20	2884.737	792	11913
2011/01/24 21:40:40	2648.993	492	13829
2011/01/24 21:41:00	3200.542	937	13941
2011/01/24 21:41:20	2739.383	515	14240
2011/01/24 21:41:40	3622.321	454	18534
2011/01/24 21:42:00	3164.447	618	18129
2011/01/24 21:42:20	4211.09	683	21433
2011/01/24 21:42:40	3660.463	572	19853
2011/01/24 21:43:00	3811.287	509	20334
2011/01/24 21:43:20	3324.158	471	16949
2011/01/24 21:43:40	2744.539	479	11846
2011/01/24 21:44:00	3186.071	1023	17763
2011/01/24 21:44:20	3731.639	865	19858
2011/01/24 21:44:40	3372.61	504	16435
2011/01/24 21:45:00	3941.409	548	20137
2011/01/24 21:45:20	4224.656	606	19179
2011/01/24 21:45:40	3885.324	483	20612
2011/01/24 21:46:00	4093.381	518	30143
2011/01/24 21:46:20	4276.421	495	22394
2011/01/24 21:46:40	3092.43	480	16650
2011/01/24 21:47:00	3275.49	1022	14962
2011/01/24 21:47:20	2802.66	787	14931
2011/01/24 21:47:40	3486.038	552	17207
2011/01/24 21:48:00	3884.763	566	19499
2011/01/24 21:48:20	3977.558	546	18742
2011/01/24 21:48:40	3438.322	499	23860
2011/01/24 21:49:00	4317.676	479	23054
2011/01/24 21:49:20	3804.855	550	24144
2011/01/24 21:49:40	3071.839	544	12449
2011/01/24 21:50:00	2917.497	1022	13915
2011/01/24 21:50:20	3562.809	634	14748
2011/01/24 21:50:40	3561.623	597	17868
2011/01/24 21:51:00	3444.959	589	17811
2011/01/24 21:51:20	3894.957	475	18696
2011/01/24 21:51:40	3518.636	548	21464
2011/01/24 21:52:00	4073.726	465	21044
2011/01/24 21:52:20	3722.531	578	21282
2011/01/24 21:52:40	2893.519	502	14077
2011/01/24 21:53:00	3081.032	747	13489
2011/01/24 21:53:20	2904.761	836	14069
2011/01/24 21:53:40	3788.118	529	18028
2011/01/24 21:54:00	3526.073	473	18567
2011/01/24 21:54:20	3671.909	609	28456
2011/01/24 21:54:40	5030	506	32112
2011/01/24 21:55:00	4153.075	501	22564
2011/01/24 21:55:20	3680.603	491	22468
2011/01/24 21:55:40	3265.646	511	15106
2011/01/24 21:56:00	3080.26	1022	14004
2011/01/24 21:56:20	3599.173	1015	16033
2011/01/24 21:56:40	3563.933	528	19428
2011/01/24 21:57:00	3204.019	510	18688
2011/01/24 21:57:20	3895.637	500	19640
2011/01/24 21:57:40	3703.225	656	19541
2011/01/24 21:58:00	3535.194	502	22960
2011/01/24 21:58:20	5300.969	478	33408
2011/01/24 21:58:40	3583.594	500	23164
2011/01/24 21:59:00	3421.786	882	15251
2011/01/24 21:59:20	3112.392	1022	15247
2011/01/24 21:59:40	3439.816	608	17416
2011/01/24 22:00:00	4066.752	707	21624
2011/01/24 22:00:20	4381.484	715	25249
2011/01/24 22:00:40	3406.059	791	18581
2011/01/24 22:01:00	3666.941	584	17925
2011/01/24 22:01:20	4020.163	644	20068
2011/01/24 22:01:40	2939.161	1011	11802
2011/01/24 22:02:00	3241.013	1023	13935
2011/01/24 22:02:20	3359.795	1022	18913
2011/01/24 22:02:40	4035.449	584	17543
2011/01/24 22:03:00	4117.384	1011	21384
2011/01/24 22:03:20	3730.271	746	19242
2011/01/24 22:03:40	3987.169	858	21059
2011/01/24 22:04:00	4039.187	643	21752
2011/01/24 22:04:20	4198.012	561	24106
2011/01/24 22:04:40	3516.264	756	24013
2011/01/24 22:05:00	3405.221	1023	14159
2011/01/24 22:05:20	3232.887	1011	17323
2011/01/24 22:05:40	3839.784	1016	18526
2011/01/24 22:06:00	3597.088	834	20093
2011/01/24 22:06:20	4298.813	508	23402
2011/01/24 22:06:40	4090.617	500	19575
2011/01/24 22:07:00	3642.179	733	21399
2011/01/24 22:07:20	3749.838	494	19737
2011/01/24 22:07:40	3077.143	698	11852
2011/01/24 22:08:00	3073.201	1022	14221
2011/01/24 22:08:20	3997.909	1022	24073
2011/01/24 22:08:40	3632.628	944	15688
2011/01/24 22:09:00	3885	727	19135
2011/01/24 22:09:20	3950.105	829	19971
2011/01/24 22:09:40	4073.038	881	20068
2011/01/24 22:10:00	3882.826	579	20744
2011/01/24 22:10:20	3661.184	536	20523
2011/01/24 22:10:40	2847.399	668	12310
2011/01/24 22:11:00	3176.745	964	14344
2011/01/24 22:11:20	3266.062	994	15369
2011/01/24 22:11:40	3288.63	528	17692
2011/01/24 22:12:00	3570.453	735	18929
2011/01/24 22:12:20	3369.736	732	19063
2011/01/24 22:12:40	4787.713	872	27944
2011/01/24 22:13:00	4718.458	1018	26850
2011/01/24 22:13:20	4000.024	728	22025
2011/01/24 22:13:40	3233.955	734	13874
2011/01/24 22:14:00	3053.981	1019	12991
2011/01/24 22:14:20	3533.438	1023	16118
2011/01/24 22:14:40	3400.436	747	16183
2011/01/24 22:15:00	3625.372	486	20101
2011/01/24 22:15:20	3484.807	515	18723
2011/01/24 22:15:40	3923.637	519	18795
2011/01/24 22:16:00	3562.112	723	18431
2011/01/24 22:16:20	2960.937	668	13333
2011/01/24 22:16:40	2889.987	900	12194
2011/01/24 22:17:00	2985.374	1022	14105
2011/01/24 22:17:20	3600.915	1023	14497
2011/01/24 22:17:40	3011.029	981	16196
2011/01/24 22:18:00	4153.724	517	22114
2011/01/24 22:18:20	3450.49	494	19881
2011/01/24 22:18:40	3930.468	825	20123
2011/01/24 22:19:00	3841.694	625	19294
2011/01/24 22:19:20	2943.802	484	13975
2011/01/24 22:19:40	3523.534	772	18556
2011/01/24 22:20:00	3033.471	1016	14249
2011/01/24 22:20:20	3215.617	1019	14788
2011/01/24 22:20:40	3352.359	574	17721
2011/01/24 22:21:00	4104.559	580	19504
2011/01/24 22:21:20	3553.969	538	17308
2011/01/24 22:21:40	3164.679	549	18012
2011/01/24 22:22:00	4725.41	502	29109
2011/01/24 22:22:20	4759.588	515	25957
2011/01/24 22:22:40	3111.565	554	15334
2011/01/24 22:23:00	3163.525	1020	13367
2011/01/24 22:23:20	3422.758	1023	14639
2011/01/24 22:23:40	3426.791	609	14849
2011/01/24 22:24:00	4457.419	614	31775
2011/01/24 22:24:20	4477.895	696	26037
2011/01/24 22:24:40	3938.731	736	25989
2011/01/24 22:25:00	3640.538	578	21273
2011/01/24 22:25:20	4618.278	568	21699
2011/01/24 22:25:40	3168.683	539	17530
2011/01/24 22:26:00	3293.476	717	18181
2011/01/24 22:26:20	3378.399	877	15505
2011/01/24 22:26:40	3530.886	947	17487
2011/01/24 22:27:00	3591.168	531	18812
2011/01/24 22:27:20	3923.878	761	19700
2011/01/24 22:27:40	4115.736	555	27342
2011/01/24 22:28:00	4475.112	483	24590
2011/01/24 22:28:20	3183.472	501	17875
2011/01/24 22:28:40	3345.655	678	15077
2011/01/24 22:29:00	2992.905	1020	13112
2011/01/24 22:29:20	3307.776	1020	14284
2011/01/24 22:29:40	3280.776	690	15643
2011/01/24 22:30:00	3959.66	818	21599
2011/01/24 22:30:20	3762.184	702	19381
2011/01/24 22:30:40	3836.568	838	21371
2011/01/24 22:31:00	4411.399	670	21619
2011/01/24 22:31:20	3681.671	669	18432
2011/01/24 22:31:40	2634.006	527	13264
2011/01/24 22:32:00	3890.433	1023	17207
2011/01/24 22:32:20	3043.748	1023	13830
2011/01/24 22:32:40	3296.392	559	15286
2011/01/24 22:33:00	3952.705	819	20053
2011/01/24 22:33:20	4041.562	526	18955
2011/01/24 22:33:40	3568.868	540	20319
2011/01/24 22:34:00	3978.032	558	21760
2011/01/24 22:34:20	3673.875	824	17692
2011/01/24 22:34:40	2754.974	1016	12990
2011/01/24 22:35:00	3380.831	891	15442
2011/01/24 22:35:20	3251.915	1022	13567
2011/01/24 22:35:40	3459.562	1019	16868
2011/01/24 22:36:00	3960.854	521	20788
2011/01/24 22:36:20	3555.592	520	21014
2011/01/24 22:36:40	3936.411	484	19100
2011/01/24 22:37:00	3937.055	725	19542
2011/01/24 22:37:20	2977.638	489	14697
2011/01/24 22:37:40	2942.918	909	13149
2011/01/24 22:38:00	2828.293	1020	12679
2011/01/24 22:38:20	3514.215	997	15403
2011/01/24 22:38:40	3290.353	534	18828
2011/01/24 22:39:00	4207.124	590	23153
2011/01/24 22:39:20	3693.497	611	18649
2011/01/24 22:39:40	4366.309	679	21958
2011/01/24 22:40:00	3741.372	495	19595
2011/01/24 22:40:20	4053.591	514	20874
2011/01/24 22:40:40	3294.526	557	15570
2011/01/24 22:41:00	3020.255	1013	14408
2011/01/24 22:41:20	3294.006	1023	14115
2011/01/24 22:41:40	3587.988	805	16976
2011/01/24 22:42:00	3637.594	666	19367
2011/01/24 22:42:20	3904.66	833	19641
2011/01/24 22:42:40	4065.787	518	24431
2011/01/24 22:43:00	3866.97	813	22757
2011/01/24 22:43:20	3200.061	684	19933
2011/01/24 22:43:40	2978.969	545	12132
2011/01/24 22:44:00	3150.366	1003	14331
2011/01/24 22:44:20	3175.242	1021	14428
2011/01/24 22:44:40	3164.219	547	18478
2011/01/24 22:45:00	3591.509	681	21160
2011/01/24 22:45:20	4179.69	563	25321
2011/01/24 22:45:40	5164.333	549	29743
2011/01/24 22:46:00	3900.682	535	21688
2011/01/24 22:46:20	3700.167	583	19978
2011/01/24 22:46:40	3649.078	633	18554
2011/01/24 22:47:00	2770.819	776	12217
2011/01/24 22:47:20	3247.819	1020	13669
2011/01/24 22:47:40	3371.438	609	17909
2011/01/24 22:48:00	3656.039	503	18657
2011/01/24 22:48:20	4117.503	959	18710
2011/01/24 22:48:40	3446.29	558	19083
2011/01/24 22:49:00	4065.891	481	21790
2011/01/24 22:49:20	4626.959	575	21711
2011/01/24 22:49:40	2901.162	547	14179
2011/01/24 22:50:00	3045.096	977	14751
2011/01/24 22:50:20	3332.772	1023	13825
2011/01/24 22:50:40	3094.436	521	15875
2011/01/24 22:51:00	3442.635	494	19012
2011/01/24 22:51:20	3717.117	546	19324
2011/01/24 22:51:40	4802.766	986	27943
2011/01/24 22:52:00	4101.873	501	25077
2011/01/24 22:52:20	3793.734	496	22311
2011/01/24 22:52:40	2903.724	579	14698
2011/01/24 22:53:00	3089.84	845	13381
2011/01/24 22:53:20	3196.585	1020	14717
2011/01/24 22:53:40	3922.567	810	20172
2011/01/24 22:54:00	4010.267	501	20999
2011/01/24 22:54:20	3551.647	534	18829
2011/01/24 22:54:40	3665.211	509	20725
2011/01/24 22:55:00	4053.975	526	21869
2011/01/24 22:55:20	4427.951	512	20945
2011/01/24 22:55:40	2723.121	582	14263
2011/01/24 22:56:00	3121.566	1017	13126
2011/01/24 22:56:20	3123.438	1001	13339
2011/01/24 22:56:40	3257.12	773	16121
2011/01/24 22:57:00	3489.159	583	20067
2011/01/24 22:57:20	3847.895	859	20956
2011/01/24 22:57:40	4019.141	541	20251
2011/01/24 22:58:00	3922.747	562	20127
2011/01/24 22:58:20	3443.088	889	17567
2011/01/24 22:58:40	2674.076	590	11869
2011/01/24 22:59:00	2901.389	513	13215
2011/01/24 22:59:20	3148	1022	13844
2011/01/24 22:59:40	2996.327	759	16049
2011/01/24 23:00:00	4044.007	608	22329
2011/01/24 23:00:20	3829.819	531	19503
2011/01/24 23:00:40	3530.294	511	21903
2011/01/24 23:01:00	3938.849	1019	19010
2011/01/24 23:01:20	3278.381	594	19113
2011/01/24 23:01:40	2845.4	575	11807
2011/01/24 23:02:00	3050.797	647	14241
2011/01/24 23:02:20	3529.019	804	15029
2011/01/24 23:02:40	3271.68	792	16039
2011/01/24 23:03:00	3591.09	496	19629
2011/01/24 23:03:20	3752.503	564	22789
2011/01/24 23:03:40	4401.311	760	19514
2011/01/24 23:04:00	3926.921	720	21688
2011/01/24 23:04:20	3569.064	785	20990
2011/01/24 23:04:40	2874.472	633	13705
2011/01/24 23:05:00	2957.843	1021	12959
2011/01/24 23:05:20	3474.814	1023	16052
2011/01/24 23:05:40	3271.709	509	15948
2011/01/24 23:06:00	3341.299	836	19160
2011/01/24 23:06:20	4733.181	852	24917
2011/01/24 23:06:40	3912.962	1000	22218
2011/01/24 23:07:00	3901.988	857	19146
2011/01/24 23:07:20	3389.373	1018	16185
2011/01/24 23:07:40	2643.439	529	11777
2011/01/24 23:08:00	3109.43	1020	14752
2011/01/24 23:08:20	3030.898	1008	15829
2011/01/24 23:08:40	3252.211	577	17080
2011/01/24 23:09:00	4190.722	486	24820
2011/01/24 23:09:20	4358.662	727	20546
2011/01/24 23:09:40	4015.348	526	22742
2011/01/24 23:10:00	3906.726	580	20826
2011/01/24 23:10:20	5049.281	644	27106
2011/01/24 23:10:40	4016.812	505	21377
2011/01/24 23:11:00	3777.083	885	19003
2011/01/24 23:11:20	3446.818	1018	15003
2011/01/24 23:11:40	3180.83	502	17087
2011/01/24 23:12:00	3666.135	662	18527
2011/01/24 23:12:20	4405.049	576	21680
2011/01/24 23:12:40	3810.555	496	21911
2011/01/24 23:13:00	3921.519	506	19912
2011/01/24 23:13:20	3404.312	634	16313
2011/01/24 23:13:40	2701.372	489	12645
2011/01/24 23:14:00	3039.993	1021	13642
2011/01/24 23:14:20	3125.579	1019	14883
2011/01/24 23:14:40	3730.711	718	21186
2011/01/24 23:15:00	4507.42	688	26238
2011/01/24 23:15:20	4168.638	532	21998
2011/01/24 23:15:40	3483.229	518	20387
2011/01/24 23:16:00	3786.23	550	19859
2011/01/24 23:16:20	3754.452	729	18222
2011/01/24 23:16:40	2944.301	484	17183
2011/01/24 23:17:00	3576.548	1017	12828
2011/01/24 23:17:20	3484.206	1018	17240
2011/01/24 23:17:40	5199.218	536	19801
2011/01/24 23:18:00	4981.633	590	22352
2011/01/24 23:18:20	3515.646	725	20381
2011/01/24 23:18:40	4646.272	504	24014
2011/01/24 23:19:00	4147.812	498	21040
2011/01/24 23:19:20	3332.866	464	18186
2011/01/24 23:19:40	2933.26	650	12368
2011/01/24 23:20:00	3323.219	918	12984
2011/01/24 23:20:20	2925.288	889	13443
2011/01/24 23:20:40	3280.148	590	17173
2011/01/24 23:21:00	3951.325	534	23686
2011/01/24 23:21:20	3571.654	713	20109
2011/01/24 23:21:40	4114.859	688	20078
2011/01/24 23:22:00	3125.429	472	19820
2011/01/24 23:22:20	3874.948	494	17388
2011/01/24 23:22:40	2959.682	525	12195
2011/01/24 23:23:00	2600.182	937	12926
2011/01/24 23:23:20	3434.572	1022	14153
2011/01/24 23:23:40	3210.007	476	15869
2011/01/24 23:24:00	4158.075	494	20547
2011/01/24 23:24:20	3757.759	522	18987
2011/01/24 23:24:40	3549.219	602	20020
2011/01/24 23:25:00	3852.428	505	23064
2011/01/24 23:25:20	4326.035	512	29967
2011/01/24 23:25:40	3580.524	545	21233
2011/01/24 23:26:00	2737.229	572	12542
2011/01/24 23:26:20	3331.129	592	15912
2011/01/24 23:26:40	2811.477	447	13270
2011/01/24 23:27:00	3917	512	18241
2011/01/24 23:27:20	3957.027	476	24142
2011/01/24 23:27:40	4217.26	505	23700
2011/01/24 23:28:00	3388.845	688	18595
2011/01/24 23:28:20	3581.621	490	18193
2011/01/24 23:28:40	2764.916	796	12611
2011/01/24 23:29:00	3195.313	905	13160
2011/01/24 23:29:20	3118.149	955	13979
2011/01/24 23:29:40	3074.248	493	14698
2011/01/24 23:30:00	3854.042	702	19429
2011/01/24 23:30:20	4235.473	596	23992
2011/01/24 23:30:40	3566.931	556	24659
2011/01/24 23:31:00	3825.277	503	21267
2011/01/24 23:31:20	3747.936	538	19331
2011/01/24 23:31:40	2857.263	540	14814
2011/01/24 23:32:00	3143.494	1017	13240
2011/01/24 23:32:20	3037.482	978	14005
2011/01/24 23:32:40	3198.52	475	16608
2011/01/24 23:33:00	3559.359	615	19243
2011/01/24 23:33:20	3794.226	638	19031
2011/01/24 23:33:40	3537.825	546	20061
2011/01/24 23:34:00	4247.693	492	19284
2011/01/24 23:34:20	3073.364	513	15724
2011/01/24 23:34:40	2560.219	595	12586
2011/01/24 23:35:00	3434.058	841	13524
2011/01/24 23:35:20	3102.943	999	14612
2011/01/24 23:35:40	3253.053	567	18328
2011/01/24 23:36:00	3818.946	564	20640
2011/01/24 23:36:20	3717.675	644	18576
2011/01/24 23:36:40	3940.804	516	19459
2011/01/24 23:37:00	3970.725	523	19589
2011/01/24 23:37:20	3218.811	570	18623
2011/01/24 23:37:40	3734.217	731	22139
2011/01/24 23:38:00	3020.948	738	14491
2011/01/24 23:38:20	3258.815	984	13542
2011/01/24 23:38:40	3517.119	695	16711
2011/01/24 23:39:00	3570.477	607	21545
2011/01/24 23:39:20	3840.327	542	21021
2011/01/24 23:39:40	2874.432	573	15917
2011/01/24 23:40:00	5299.701	567	28928
2011/01/24 23:40:20	4414.785	474	23225
2011/01/24 23:40:40	3962.413	558	25254
2011/01/24 23:41:00	3332.532	1022	13976
2011/01/24 23:41:20	2914.813	1011	15230
2011/01/24 23:41:40	3641.497	496	16451
2011/01/24 23:42:00	3913.89	518	20350
2011/01/24 23:42:20	3657.605	711	20218
2011/01/24 23:42:40	3692.152	646	19410
2011/01/24 23:43:00	3845.478	644	17512
2011/01/24 23:43:20	3421.891	807	17647
2011/01/24 23:43:40	2912.204	538	16229
2011/01/24 23:44:00	3215.611	810	13862
2011/01/24 23:44:20	3224.013	1008	13739
2011/01/24 23:44:40	3001.975	670	15773
2011/01/24 23:45:00	3918.718	541	19396
2011/01/24 23:45:20	3858.8	484	20541
2011/01/24 23:45:40	3717.507	508	19411
2011/01/24 23:46:00	3831.225	532	20323
2011/01/24 23:46:20	3209.549	506	18339
2011/01/24 23:46:40	2741.186	560	11528
2011/01/24 23:47:00	3137.191	1014	12879
2011/01/24 23:47:20	3240.806	1023	14756
2011/01/24 23:47:40	3527.376	898	16250
2011/01/24 23:48:00	4029.88	776	22018
2011/01/24 23:48:20	3827.248	605	19223
2011/01/24 23:48:40	4138.259	541	22032
2011/01/24 23:49:00	3211.404	514	19308
2011/01/24 23:49:20	3553.994	569	18355
2011/01/24 23:49:40	2970.127	605	13207
2011/01/24 23:50:00	3349.646	850	14007
2011/01/24 23:50:20	3152.085	1022	14006
2011/01/24 23:50:40	3729.392	513	18971
2011/01/24 23:51:00	3793.379	651	20954
2011/01/24 23:51:20	3765.093	829	18339
2011/01/24 23:51:40	3653.814	500	20304
2011/01/24 23:52:00	3877.579	512	20535
2011/01/24 23:52:20	3897.213	532	21522
2011/01/24 23:52:40	3090.263	497	15018
2011/01/24 23:53:00	3202.534	707	13710
2011/01/24 23:53:20	3222.727	1011	14426
2011/01/24 23:53:40	2964.418	479	17349
2011/01/24 23:54:00	3890.901	671	19160
2011/01/24 23:54:20	4112.582	668	20329
2011/01/24 23:54:40	4000.179	734	21995
2011/01/24 23:55:00	3734.097	556	20693
2011/01/24 23:55:20	3681.117	482	20231
2011/01/24 23:55:40	2995.5	730	16086
2011/01/24 23:56:00	3165.981	688	13324
2011/01/24 23:56:20	2905.007	692	14069
2011/01/24 23:56:40	3204.521	475	17650
2011/01/24 23:57:00	4239.864	480	29756
2011/01/24 23:57:20	4491.34	493	30451
2011/01/24 23:57:40	3887.18	724	19800
2011/01/24 23:58:00	3722.468	654	20034
2011/01/24 23:58:20	4680.117	601	23083
2011/01/24 23:58:40	4158.329	819	26818
2011/01/24 23:59:00	3794.84	1020	19581
2011/01/24 23:59:20	3177.868	1003	13787
2011/01/24 23:59:40	3638.847	567	16116
2011/01/25 00:00:00	3638.346	500	22495
2011/01/25 00:00:20	4342.415	624	23494
2011/01/25 00:00:40	3965.816	525	20652
2011/01/25 00:01:00	3883.711	490	20196
2011/01/25 00:01:20	4165.542	474	22566
2011/01/25 00:01:40	3176.104	545	15543
2011/01/25 00:02:00	2536.566	772	13709
2011/01/25 00:02:20	3271.949	998	13432
2011/01/25 00:02:40	3348.669	543	16947
2011/01/25 00:03:00	3538.359	552	18497
2011/01/25 00:03:20	3485.831	507	20724
2011/01/25 00:03:40	4446.881	465	20444
2011/01/25 00:04:00	3905.212	578	22265
2011/01/25 00:04:20	3395.288	491	17589
2011/01/25 00:04:40	3060.787	536	16365
2011/01/25 00:05:00	2841.799	1018	12859
2011/01/25 00:05:20	3358.007	1023	14015
2011/01/25 00:05:40	3101.045	534	15624
2011/01/25 00:06:00	3784.904	503	18991
2011/01/25 00:06:20	3672.226	760	19374
2011/01/25 00:06:40	3440.473	509	20486
2011/01/25 00:07:00	4150.814	493	24426
2011/01/25 00:07:20	3415.473	770	21160
2011/01/25 00:07:40	3084.248	658	13100
2011/01/25 00:08:00	2899.348	985	13957
2011/01/25 00:08:20	3415.26	1005	14855
2011/01/25 00:08:40	3279.387	535	15661
2011/01/25 00:09:00	3353.449	525	18130
2011/01/25 00:09:20	4276.709	575	23056
2011/01/25 00:09:40	3591.007	598	20286
2011/01/25 00:10:00	3686.329	585	18425
2011/01/25 00:10:20	3535.329	542	16640
2011/01/25 00:10:40	2753.219	564	11970
2011/01/25 00:11:00	2916.088	574	13187
2011/01/25 00:11:20	3054.223	1022	14237
2011/01/25 00:11:40	3371.269	796	15682
2011/01/25 00:12:00	3330.774	642	20329
2011/01/25 00:12:20	3510.209	563	19685
2011/01/25 00:12:40	3901.412	626	19540
2011/01/25 00:13:00	3727.103	561	20145
2011/01/25 00:13:20	3619.488	500	19330
2011/01/25 00:13:40	2997.08	821	12120
2011/01/25 00:14:00	2673.133	524	14007
2011/01/25 00:14:20	3764.896	574	17938
2011/01/25 00:14:40	3187.054	509	16719
2011/01/25 00:15:00	3964.012	498	24063
2011/01/25 00:15:20	3825.25	744	20188
2011/01/25 00:15:40	3920.274	535	20901
2011/01/25 00:16:00	4129.65	459	27687
2011/01/25 00:16:20	4180.163	516	22588
2011/01/25 00:16:40	3690.797	539	21948
2011/01/25 00:17:00	2762.39	997	15054
2011/01/25 00:17:20	3590.371	797	15293
2011/01/25 00:17:40	2756.68	479	15393
2011/01/25 00:18:00	4295.175	761	19872
2011/01/25 00:18:20	3754.472	504	19165
2011/01/25 00:18:40	3517.127	621	19196
2011/01/25 00:19:00	3933.818	511	21636
2011/01/25 00:19:20	3509.143	471	18062
2011/01/25 00:19:40	2896.595	478	12280
2011/01/25 00:20:00	2711.73	528	14452
2011/01/25 00:20:20	3671.104	920	19188
2011/01/25 00:20:40	3147.797	773	15688
2011/01/25 00:21:00	3966.506	499	20959
2011/01/25 00:21:20	3884.068	501	20343
2011/01/25 00:21:40	3629.273	544	22931
2011/01/25 00:22:00	3871.422	735	20319
2011/01/25 00:22:20	3592.923	491	21372
2011/01/25 00:22:40	2727.354	469	12082
2011/01/25 00:23:00	2989.095	705	12446
2011/01/25 00:23:20	3283.544	610	14012
2011/01/25 00:23:40	3055.819	486	15772
2011/01/25 00:24:00	3659.059	520	21751
2011/01/25 00:24:20	3706.288	511	19583
2011/01/25 00:24:40	4398.02	493	27067
2011/01/25 00:25:00	4311.777	486	20611
2011/01/25 00:25:20	3705.776	500	21078
2011/01/25 00:25:40	3764.425	543	19699
2011/01/25 00:26:00	3040.674	535	12466
2011/01/25 00:26:20	3995.217	1014	21044
2011/01/25 00:26:40	3358.08	692	18623
2011/01/25 00:27:00	3392.558	502	18082
2011/01/25 00:27:20	3946.006	512	20165
2011/01/25 00:27:40	3725.237	576	19940
2011/01/25 00:28:00	3973.177	545	18748
2011/01/25 00:28:20	3739.464	479	19027
2011/01/25 00:28:40	2790.893	532	11869
2011/01/25 00:29:00	2752.135	1018	13219
2011/01/25 00:29:20	3498.439	793	14647
2011/01/25 00:29:40	3211.913	744	14468
2011/01/25 00:30:00	3517.678	494	19558
2011/01/25 00:30:20	4155.559	445	21684
2011/01/25 00:30:40	3925.439	505	22861
2011/01/25 00:31:00	4041.892	512	21520
2011/01/25 00:31:20	3238.849	540	16131
2011/01/25 00:31:40	2916.075	558	13530
2011/01/25 00:32:00	2861.651	491	13460
2011/01/25 00:32:20	3334.133	1022	14299
2011/01/25 00:32:40	3294.356	464	16042
2011/01/25 00:33:00	3357.993	499	18174
2011/01/25 00:33:20	3916.292	527	21871
2011/01/25 00:33:40	3851.848	504	19401
2011/01/25 00:34:00	3324.913	495	18434
2011/01/25 00:34:20	3410.593	499	16568
2011/01/25 00:34:40	3005.318	541	13582
2011/01/25 00:35:00	3129.494	714	13699
2011/01/25 00:35:20	2917.929	1022	13393
2011/01/25 00:35:40	3655.025	757	16488
2011/01/25 00:36:00	3567.013	484	20020
2011/01/25 00:36:20	3694.623	541	22242
2011/01/25 00:36:40	4007.298	648	19779
2011/01/25 00:37:00	3771.556	559	18712
2011/01/25 00:37:20	3622.157	512	19669
2011/01/25 00:37:40	3012.171	452	11562
2011/01/25 00:38:00	2586.281	708	12851
2011/01/25 00:38:20	3282.54	1021	15670
2011/01/25 00:38:40	3621.042	467	21327
2011/01/25 00:39:00	3813.399	542	20146
2011/01/25 00:39:20	3213.845	491	19948
2011/01/25 00:39:40	4038.299	820	19220
2011/01/25 00:40:00	3476.194	1012	20371
2011/01/25 00:40:20	4836.88	587	23630
2011/01/25 00:40:40	3247.849	497	21953
2011/01/25 00:41:00	2866.981	502	13697
2011/01/25 00:41:20	3238.396	1023	14266
2011/01/25 00:41:40	3166.107	531	15706
2011/01/25 00:42:00	3524.435	473	17361
2011/01/25 00:42:20	3391.629	543	22656
2011/01/25 00:42:40	4492.735	466	25258
2011/01/25 00:43:00	4312.331	588	21686
2011/01/25 00:43:20	3124.115	498	18553
2011/01/25 00:43:40	2624.395	471	12253
2011/01/25 00:44:00	3064.528	727	13312
2011/01/25 00:44:20	3430.05	1023	14505
2011/01/25 00:44:40	2911.468	709	17771
2011/01/25 00:45:00	4210.779	517	22716
2011/01/25 00:45:20	3561.487	594	19500
2011/01/25 00:45:40	3805.72	534	19157
2011/01/25 00:46:00	3602.787	468	17553
2011/01/25 00:46:20	3569.631	702	17859
2011/01/25 00:46:40	3085.221	510	14679
2011/01/25 00:47:00	2894.61	766	13049
2011/01/25 00:47:20	3440.025	864	14963
2011/01/25 00:47:40	2901.217	696	15108
2011/01/25 00:48:00	4024.49	640	19663
2011/01/25 00:48:20	3395.438	482	18410
2011/01/25 00:48:40	3489.09	502	18520
2011/01/25 00:49:00	4246.539	504	20305
2011/01/25 00:49:20	3895.871	485	23097
2011/01/25 00:49:40	2808.54	620	12734
2011/01/25 00:50:00	2884.025	1019	13070
2011/01/25 00:50:20	3089.735	1023	14128
2011/01/25 00:50:40	3657.895	669	16405
2011/01/25 00:51:00	3705.6	779	20651
2011/01/25 00:51:20	3934.861	569	20153
2011/01/25 00:51:40	4289.593	685	20654
2011/01/25 00:52:00	4022.18	512	20237
2011/01/25 00:52:20	3520.994	495	18744
2011/01/25 00:52:40	3000.449	500	13976
2011/01/25 00:53:00	2553	757	12920
2011/01/25 00:53:20	3381.718	1023	13654
2011/01/25 00:53:40	3594.186	1019	22893
2011/01/25 00:54:00	3804.4	512	20954
2011/01/25 00:54:20	4205.006	468	22226
2011/01/25 00:54:40	3576.021	504	21785
2011/01/25 00:55:00	4226.112	454	23312
2011/01/25 00:55:20	4209.21	560	19864
2011/01/25 00:55:40	3413.174	484	15892
2011/01/25 00:56:00	2639.651	1019	12852
2011/01/25 00:56:20	3689.079	1022	14792
2011/01/25 00:56:40	3168.721	514	15323
2011/01/25 00:57:00	3505.926	658	22090
2011/01/25 00:57:20	3747.796	524	23739
2011/01/25 00:57:40	4277.62	549	22422
2011/01/25 00:58:00	3819.5	463	20658
2011/01/25 00:58:20	3775.714	474	21166
2011/01/25 00:58:40	2900.83	776	15437
2011/01/25 00:59:00	2780.153	627	13229
2011/01/25 00:59:20	3464.127	1023	14064
2011/01/25 00:59:40	3156.924	619	14150
2011/01/25 01:00:00	3586.87	953	25946
2011/01/25 01:00:20	3907.477	644	20636
2011/01/25 01:00:40	3916.558	669	21905
2011/01/25 01:01:00	3640.208	469	20956
2011/01/25 01:01:20	4258.762	506	20356
2011/01/25 01:01:40	3240.069	505	18648
2011/01/25 01:02:00	2598.093	700	12295
2011/01/25 01:02:20	3329.138	1023	14865
2011/01/25 01:02:40	3082.027	527	15020
2011/01/25 01:03:00	3627.861	834	18447
2011/01/25 01:03:20	3921.548	573	18887
2011/01/25 01:03:40	4271.981	1007	20362
2011/01/25 01:04:00	4150.884	573	21448
2011/01/25 01:04:20	4569.588	1003	31398
2011/01/25 01:04:40	4254.814	589	25430
2011/01/25 01:05:00	2828.774	1019	17471
2011/01/25 01:05:20	3497.827	1023	14920
2011/01/25 01:05:40	2720.653	496	14634
2011/01/25 01:06:00	4251.21	498	19757
2011/01/25 01:06:20	3493.688	582	18405
2011/01/25 01:06:40	4436.076	518	22966
2011/01/25 01:07:00	3762.351	514	23244
2011/01/25 01:07:20	3834.275	564	20799
2011/01/25 01:07:40	3623.509	1019	17848
2011/01/25 01:08:00	2992	741	12297
2011/01/25 01:08:20	3606.14	1022	15557
2011/01/25 01:08:40	3385.564	516	21290
2011/01/25 01:09:00	3452.084	532	19400
2011/01/25 01:09:20	3701.124	507	19154
2011/01/25 01:09:40	3726.533	559	21146
2011/01/25 01:10:00	4220.443	635	20827
2011/01/25 01:10:20	4381.238	497	21065
2011/01/25 01:10:40	3160.095	493	16990
2011/01/25 01:11:00	3105.885	878	12842
2011/01/25 01:11:20	3173.452	1023	14528
2011/01/25 01:11:40	3453.509	496	14757
2011/01/25 01:12:00	3503.623	636	18756
2011/01/25 01:12:20	3981.362	487	18597
2011/01/25 01:12:40	3448.059	468	21870
2011/01/25 01:13:00	4370.503	589	22702
2011/01/25 01:13:20	3605.484	900	19391
2011/01/25 01:13:40	2495.113	561	12110
2011/01/25 01:14:00	3926.585	588	19953
2011/01/25 01:14:20	3125.433	1022	14515
2011/01/25 01:14:40	3170.648	639	14330
2011/01/25 01:15:00	3771.427	721	21814
2011/01/25 01:15:20	4985.276	514	30925
2011/01/25 01:15:40	4419.542	622	24680
2011/01/25 01:16:00	4078.897	496	20968
2011/01/25 01:16:20	4786.671	499	24151
2011/01/25 01:16:40	3732.205	467	26919
2011/01/25 01:17:00	4141.586	888	22064
2011/01/25 01:17:20	3221.117	913	14941
2011/01/25 01:17:40	3066.69	627	15169
2011/01/25 01:18:00	3704.176	548	17588
2011/01/25 01:18:20	3582.673	537	20153
2011/01/25 01:18:40	4260.594	718	20729
2011/01/25 01:19:00	3572.365	457	20939
2011/01/25 01:19:20	3464.627	475	17600
2011/01/25 01:19:40	2704.756	644	11335
2011/01/25 01:20:00	3327.245	595	14072
2011/01/25 01:20:20	3016.391	811	14482
2011/01/25 01:20:40	3483.959	504	15671
2011/01/25 01:21:00	3803.681	489	22177
2011/01/25 01:21:20	3692.87	500	18540
2011/01/25 01:21:40	3548.748	488	19086
2011/01/25 01:22:00	4413.97	483	22240
2011/01/25 01:22:20	3178.333	730	20793
2011/01/25 01:22:40	3158.6	528	17785
2011/01/25 01:23:00	2954.147	645	16406
2011/01/25 01:23:20	3562.583	1022	19740
2011/01/25 01:23:40	3374.252	689	14806
2011/01/25 01:24:00	3275.952	787	18414
2011/01/25 01:24:20	3778.058	790	20912
2011/01/25 01:24:40	4316.779	616	21046
2011/01/25 01:25:00	3664.617	583	20851
2011/01/25 01:25:20	3562.774	608	19820
2011/01/25 01:25:40	3344.115	575	15344
2011/01/25 01:26:00	2971.449	818	17396
2011/01/25 01:26:20	3085.039	1023	15224
2011/01/25 01:26:40	3515.839	463	15574
2011/01/25 01:27:00	3675.673	614	17326
2011/01/25 01:27:20	4147.072	661	20942
2011/01/25 01:27:40	3983.89	892	21605
2011/01/25 01:28:00	4264.466	531	21284
2011/01/25 01:28:20	3556.318	606	19782
2011/01/25 01:28:40	2907.43	521	14135
2011/01/25 01:29:00	2847.506	1019	16677
2011/01/25 01:29:20	3359.041	1023	13644
2011/01/25 01:29:40	3210.527	731	15850
2011/01/25 01:30:00	3571.954	635	19365
2011/01/25 01:30:20	3773.744	488	20224
2011/01/25 01:30:40	3888.601	550	21121
2011/01/25 01:31:00	4253.654	584	22048
2011/01/25 01:31:20	4010.506	656	21442
2011/01/25 01:31:40	3975.04	731	20867
2011/01/25 01:32:00	2958.166	1018	17855
2011/01/25 01:32:20	3330.66	1018	16532
2011/01/25 01:32:40	3573.609	819	14155
2011/01/25 01:33:00	3520.186	599	18989
2011/01/25 01:33:20	3975.323	550	21222
2011/01/25 01:33:40	3681.456	554	20864
2011/01/25 01:34:00	4103.891	529	19608
2011/01/25 01:34:20	3810.556	935	19402
2011/01/25 01:34:40	3110.139	741	18661
2011/01/25 01:35:00	3069.124	920	13516
2011/01/25 01:35:20	3254.65	745	14273
2011/01/25 01:35:40	3250.192	505	14655
2011/01/25 01:36:00	3616.033	517	19497
2011/01/25 01:36:20	3588.067	795	19643
2011/01/25 01:36:40	3877.75	472	22121
2011/01/25 01:37:00	4246.006	662	21545
2011/01/25 01:37:20	3734.281	759	18380
2011/01/25 01:37:40	3309.632	1019	18819
2011/01/25 01:38:00	3327.639	958	17191
2011/01/25 01:38:20	3406.408	783	14466
2011/01/25 01:38:40	3775.611	718	20246
2011/01/25 01:39:00	3372.02	581	19097
2011/01/25 01:39:20	3993.34	602	21418
2011/01/25 01:39:40	3667.344	478	18942
2011/01/25 01:40:00	3669.904	519	18583
2011/01/25 01:40:20	4410.963	1019	19270
2011/01/25 01:40:40	3111.353	545	14846
2011/01/25 01:41:00	2993.929	624	12875
2011/01/25 01:41:20	2897.817	794	13417
2011/01/25 01:41:40	3236.272	528	14013
2011/01/25 01:42:00	3838.333	981	18454
2011/01/25 01:42:20	3712.559	566	22156
2011/01/25 01:42:40	3609.969	514	19930
2011/01/25 01:43:00	3626.444	490	21773
2011/01/25 01:43:20	4302.896	1016	19627
2011/01/25 01:43:40	3533.859	503	19133
2011/01/25 01:44:00	2748.045	1019	12544
2011/01/25 01:44:20	3558.869	999	15095
2011/01/25 01:44:40	3127.587	472	14981
2011/01/25 01:45:00	4139.766	532	23533
2011/01/25 01:45:20	3982.695	931	23316
2011/01/25 01:45:40	3726.383	526	20537
2011/01/25 01:46:00	3961.154	534	17843
2011/01/25 01:46:20	3384.362	1019	18681
2011/01/25 01:46:40	3991.048	475	24854
2011/01/25 01:47:00	2950.288	645	12154
2011/01/25 01:47:20	3231.438	768	15111
2011/01/25 01:47:40	3204.783	491	15502
2011/01/25 01:48:00	3038.059	480	19649
2011/01/25 01:48:20	3875.487	484	18940
2011/01/25 01:48:40	3626.147	482	19032
2011/01/25 01:49:00	4581.851	464	28525
2011/01/25 01:49:20	4403.944	1016	22764
2011/01/25 01:49:40	3031.769	691	14685
2011/01/25 01:50:00	3098.265	843	18637
2011/01/25 01:50:20	3094.958	759	15171
2011/01/25 01:50:40	3615.138	586	17111
2011/01/25 01:51:00	3994.79	487	26048
2011/01/25 01:51:20	3904.29	509	21186
2011/01/25 01:51:40	4165.188	507	19230
2011/01/25 01:52:00	3645.781	585	20091
2011/01/25 01:52:20	4349.82	481	25315
2011/01/25 01:52:40	4110.699	612	24588
2011/01/25 01:53:00	3217.476	914	15764
2011/01/25 01:53:20	3246.896	931	13896
2011/01/25 01:53:40	3295.892	607	13965
2011/01/25 01:54:00	3801.176	490	19036
2011/01/25 01:54:20	3286.007	564	18961
2011/01/25 01:54:40	3792.854	482	21546
2011/01/25 01:55:00	3896.591	629	21106
2011/01/25 01:55:20	3506.542	480	17646
2011/01/25 01:55:40	3289.844	813	14169
2011/01/25 01:56:00	2627.787	1022	11719
2011/01/25 01:56:20	3286.295	1022	17526
2011/01/25 01:56:40	3751.512	1019	15051
2011/01/25 01:57:00	2686.039	488	19076
2011/01/25 01:57:20	5557.191	481	33158
2011/01/25 01:57:40	5063.338	508	31843
2011/01/25 01:58:00	3914.503	476	21108
2011/01/25 01:58:20	4163.068	935	20724
2011/01/25 01:58:40	4283.904	1019	23518
2011/01/25 01:59:00	4347.082	1019	19359
2011/01/25 01:59:20	3594.343	1022	15498
2011/01/25 01:59:40	3346.652	478	14801
2011/01/25 02:00:00	4012.497	469	20768
2011/01/25 02:00:20	3771.622	605	21264
2011/01/25 02:00:40	4354.563	514	24210
2011/01/25 02:01:00	3515.601	527	22089
2011/01/25 02:01:20	4144.151	495	22349
2011/01/25 02:01:40	2992.428	782	12070
2011/01/25 02:02:00	2988.346	1018	17540
2011/01/25 02:02:20	3389.513	797	14589
2011/01/25 02:02:40	3550.899	788	17095
2011/01/25 02:03:00	3767.179	606	18958
2011/01/25 02:03:20	4233.669	591	20050
2011/01/25 02:03:40	3622.309	650	18202
2011/01/25 02:04:00	3668.438	492	21223
2011/01/25 02:04:20	3819.893	452	18911
2011/01/25 02:04:40	3949.516	622	20629
2011/01/25 02:05:00	3163.631	744	14556
2011/01/25 02:05:20	3389.75	1017	14787
2011/01/25 02:05:40	3462.706	666	14081
2011/01/25 02:06:00	3221.802	457	17918
2011/01/25 02:06:20	3489.222	483	19217
2011/01/25 02:06:40	3704.461	477	17885
2011/01/25 02:07:00	4244.242	964	19394
2011/01/25 02:07:20	3816.25	461	19605
2011/01/25 02:07:40	2876.809	516	14431
2011/01/25 02:08:00	2447.141	509	12351
2011/01/25 02:08:20	3510.932	968	13840
2011/01/25 02:08:40	3042.861	485	14923
2011/01/25 02:09:00	3548.027	540	17352
2011/01/25 02:09:20	3794.796	657	26101
2011/01/25 02:09:40	4087.5	599	22551
2011/01/25 02:10:00	3932.362	1019	20581
2011/01/25 02:10:20	4161.422	802	20739
2011/01/25 02:10:40	2782.497	748	13465
2011/01/25 02:11:00	2850.581	575	12031
2011/01/25 02:11:20	3659.222	1023	18962
2011/01/25 02:11:40	3571.679	740	16073
2011/01/25 02:12:00	3632.432	465	19991
2011/01/25 02:12:20	3747.302	471	21574
2011/01/25 02:12:40	3503.259	479	19861
2011/01/25 02:13:00	4490.888	540	21490
2011/01/25 02:13:20	3386.769	497	18234
2011/01/25 02:13:40	2609.167	466	13031
2011/01/25 02:14:00	3082.647	726	12465
2011/01/25 02:14:20	3252.416	938	13297
2011/01/25 02:14:40	2485.414	478	13019
2011/01/25 02:15:00	3616.912	490	18870
2011/01/25 02:15:20	3396.966	608	19688
2011/01/25 02:15:40	3987.61	527	18330
2011/01/25 02:16:00	3957	591	19174
2011/01/25 02:16:20	3902.897	573	18501
2011/01/25 02:16:40	2467.53	880	11707
2011/01/25 02:17:00	2760.778	653	12820
2011/01/25 02:17:20	3365.834	1023	14359
2011/01/25 02:17:40	3439.162	519	15147
2011/01/25 02:18:00	3432.273	494	21052
2011/01/25 02:18:20	4239.65	626	21483
2011/01/25 02:18:40	3912.178	760	21148
2011/01/25 02:19:00	3933.634	460	18646
2011/01/25 02:19:20	3524.378	599	18487
2011/01/25 02:19:40	2932.474	499	12308
2011/01/25 02:20:00	3001.771	581	17512
2011/01/25 02:20:20	3628.096	1023	15032
2011/01/25 02:20:40	3452.462	632	17612
2011/01/25 02:21:00	3695.153	543	20034
2011/01/25 02:21:20	4148.954	468	22433
2011/01/25 02:21:40	4028.355	903	20343
2011/01/25 02:22:00	3719.644	752	20417
2011/01/25 02:22:20	4421	1019	22060
2011/01/25 02:22:40	3435.044	519	15393
2011/01/25 02:23:00	3292.713	471	17859
2011/01/25 02:23:20	2995.324	854	15415
2011/01/25 02:23:40	3559.037	890	15182
2011/01/25 02:24:00	3148.551	506	17891
2011/01/25 02:24:20	4114.566	509	21249
2011/01/25 02:24:40	3823	479	19997
2011/01/25 02:25:00	4395.993	457	19894
2011/01/25 02:25:20	3885.154	546	21854
2011/01/25 02:25:40	2686.636	606	11920
2011/01/25 02:26:00	2799.939	608	11927
2011/01/25 02:26:20	3246.701	830	15269
2011/01/25 02:26:40	3195.535	499	15283
2011/01/25 02:27:00	3356.536	547	17718
2011/01/25 02:27:20	3733.703	516	20659
2011/01/25 02:27:40	4561.271	1016	21270
2011/01/25 02:28:00	3541.944	473	21362
2011/01/25 02:28:20	4192.273	661	23195
2011/01/25 02:28:40	3456.865	614	15773
2011/01/25 02:29:00	3588.631	721	17268
2011/01/25 02:29:20	2923.406	963	13435
2011/01/25 02:29:40	3334.274	806	15963
2011/01/25 02:30:00	3362.272	485	20835
2011/01/25 02:30:20	3857.786	589	18999
2011/01/25 02:30:40	3842.732	519	18693
2011/01/25 02:31:00	3827.392	512	24634
2011/01/25 02:31:20	4285.914	485	24901
2011/01/25 02:31:40	3206.739	500	15517
2011/01/25 02:32:00	3299.399	487	21749
2011/01/25 02:32:20	3555.372	1007	19120
2011/01/25 02:32:40	3568.842	1023	14820
2011/01/25 02:33:00	2867.748	458	17278
2011/01/25 02:33:20	4623.356	504	25619
2011/01/25 02:33:40	3986.647	737	23238
2011/01/25 02:34:00	4016.027	555	20276
2011/01/25 02:34:20	4063.7	544	19940
2011/01/25 02:34:40	3708.125	568	20093
2011/01/25 02:35:00	3336.166	502	18468
2011/01/25 02:35:20	2970.706	905	13813
2011/01/25 02:35:40	3456.369	512	14552
2011/01/25 02:36:00	3105.843	537	17812
2011/01/25 02:36:20	4012.19	508	21061
2011/01/25 02:36:40	3788.845	642	17308
2011/01/25 02:37:00	3430.633	822	21401
2011/01/25 02:37:20	4416.789	509	24322
2011/01/25 02:37:40	3191.412	504	18294
2011/01/25 02:38:00	2805.274	949	12526
2011/01/25 02:38:20	3554.267	794	14071
2011/01/25 02:38:40	3127.305	670	15062
2011/01/25 02:39:00	3721.346	716	19533
2011/01/25 02:39:20	3332.717	482	20627
2011/01/25 02:39:40	4995.382	554	23846
2011/01/25 02:40:00	4082.428	510	21589
2011/01/25 02:40:20	3948.144	512	21440
2011/01/25 02:40:40	3144.533	478	13964
2011/01/25 02:41:00	2879.55	502	18153
2011/01/25 02:41:20	3631.9	1023	14789
2011/01/25 02:41:40	3498.782	1020	14498
2011/01/25 02:42:00	3348.93	582	16874
2011/01/25 02:42:20	3583.469	500	17646
2011/01/25 02:42:40	3513.506	609	17330
2011/01/25 02:43:00	3738.158	513	20608
2011/01/25 02:43:20	3401.648	501	19821
2011/01/25 02:43:40	2729.307	480	14672
2011/01/25 02:44:00	3982.411	471	17853
2011/01/25 02:44:20	3019.59	1023	15824
2011/01/25 02:44:40	3346.491	620	14379
2011/01/25 02:45:00	3598.101	567	17814
2011/01/25 02:45:20	3569.459	660	20194
2011/01/25 02:45:40	3405.906	495	20187
2011/01/25 02:46:00	4559.945	527	23438
2011/01/25 02:46:20	3802.782	586	19537
2011/01/25 02:46:40	3007.471	538	14827
2011/01/25 02:47:00	3115.885	518	12538
2011/01/25 02:47:20	3348.064	1013	14710
2011/01/25 02:47:40	3182.506	880	14181
2011/01/25 02:48:00	3527.54	485	18881
2011/01/25 02:48:20	3375.12	734	18143
2011/01/25 02:48:40	4016.817	491	22845
2011/01/25 02:49:00	3915.491	510	21541
2011/01/25 02:49:20	3598.059	638	19829
2011/01/25 02:49:40	2451.639	505	12133
2011/01/25 02:50:00	3085.094	862	16671
2011/01/25 02:50:20	3545.352	1019	14707
2011/01/25 02:50:40	3127.993	727	14546
2011/01/25 02:51:00	4274.421	643	23154
2011/01/25 02:51:20	3943.525	589	21432
2011/01/25 02:51:40	3815.87	492	19974
2011/01/25 02:52:00	3238.11	508	18839
2011/01/25 02:52:20	4117.659	534	20403
2011/01/25 02:52:40	3187.72	468	17313
2011/01/25 02:53:00	3425.244	703	13927
2011/01/25 02:53:20	2853.077	1023	13394
2011/01/25 02:53:40	3470.032	826	14911
2011/01/25 02:54:00	3937.625	465	19860
2011/01/25 02:54:20	3225.084	493	23041
2011/01/25 02:54:40	4513.203	524	21636
2011/01/25 02:55:00	3652.673	600	20752
2011/01/25 02:55:20	3909.479	497	20883
2011/01/25 02:55:40	3329.618	483	17899
2011/01/25 02:56:00	3106.239	677	12994
2011/01/25 02:56:20	3281.655	1022	14782
2011/01/25 02:56:40	3035.902	915	16028
2011/01/25 02:57:00	3728.968	653	18929
2011/01/25 02:57:20	3628.962	1018	20136
2011/01/25 02:57:40	3770.287	546	18690
2011/01/25 02:58:00	3605.828	533	18438
2011/01/25 02:58:20	3118.909	519	16851
2011/01/25 02:58:40	2729.226	504	11701
2011/01/25 02:59:00	3062.764	748	16970
2011/01/25 02:59:20	3318.139	1023	14674
2011/01/25 02:59:40	3809.39	1021	21284
2011/01/25 03:00:00	3559.288	502	18956
2011/01/25 03:00:20	4552.624	600	23980
2011/01/25 03:00:40	3874.592	771	21252
2011/01/25 03:01:00	3866.691	446	19478
2011/01/25 03:01:20	3866.748	469	20756
2011/01/25 03:01:40	3894.212	1019	20102
2011/01/25 03:02:00	3459.34	1013	16205
2011/01/25 03:02:20	3050.43	1022	15236
2011/01/25 03:02:40	3448.261	499	15228
2011/01/25 03:03:00	3947.159	786	18654
2011/01/25 03:03:20	3853.443	527	20017
2011/01/25 03:03:40	3898.039	472	22184
2011/01/25 03:04:00	3916.113	510	21358
2011/01/25 03:04:20	3868.821	466	22125
2011/01/25 03:04:40	3956.074	505	20691
2011/01/25 03:05:00	3065.149	618	12692
2011/01/25 03:05:20	2773.375	1022	14245
2011/01/25 03:05:40	3657.903	496	16396
2011/01/25 03:06:00	3300.665	483	18106
2011/01/25 03:06:20	3764.804	628	20159
2011/01/25 03:06:40	3929.739	493	20051
2011/01/25 03:07:00	3936.632	518	19442
2011/01/25 03:07:20	3633.013	538	24033
2011/01/25 03:07:40	4518.284	513	30646
2011/01/25 03:08:00	2983.338	506	13854
2011/01/25 03:08:20	3154.391	1018	13995
2011/01/25 03:08:40	2968.826	724	13024
2011/01/25 03:09:00	3659.389	506	17438
2011/01/25 03:09:20	3876.95	469	20650
2011/01/25 03:09:40	3854.342	465	23670
2011/01/25 03:10:00	4601.711	992	21638
